INSERT INTO public.movies (id, genre, rating, title, year) VALUES (111161, 'Drama', 'R', 'The Shawshank Redemption', 1994);
INSERT INTO public.movies (id, genre, rating, title, year) VALUES (68646, 'Crime', 'R', 'The Godfather', 1972);
INSERT INTO public.movies (id, genre, rating, title, year) VALUES (71562, 'Crime', 'R', 'The Godfather: Part II', 1974);
INSERT INTO public.movies (id, genre, rating, title, year) VALUES (468569, 'Action', 'PG-13', 'The Dark Knight', 2008);
INSERT INTO public.movies (id, genre, rating, title, year) VALUES (50083, 'Drama', 'Not Rated', '12 Angry Men', 1957);
INSERT INTO public.movies (id, genre, rating, title, year) VALUES (108052, 'Biography', 'R', 'Schindler''s List', 1993);
INSERT INTO public.movies (id, genre, rating, title, year) VALUES (167260, 'Adventure', 'PG-13', 'The Lord of the Rings: The Return of the King', 2003);
INSERT INTO public.movies (id, genre, rating, title, year) VALUES (110912, 'Crime', 'R', 'Pulp Fiction', 1994);
INSERT INTO public.movies (id, genre, rating, title, year) VALUES (137523, 'Drama', 'R', 'Fight Club', 1999);
INSERT INTO public.movies (id, genre, rating, title, year) VALUES (120737, 'Adventure', 'PG-13', 'The Lord of the Rings: The Fellowship of the Ring', 2001);
INSERT INTO public.movies (id, genre, rating, title, year) VALUES (109830, 'Drama', 'PG-13', 'Forrest Gump', 1994);
INSERT INTO public.movies (id, genre, rating, title, year) VALUES (80684, 'Action', 'PG', 'Star Wars: Episode V - The Empire Strikes Back', 1980);
INSERT INTO public.movies (id, genre, rating, title, year) VALUES (1375666, 'Action', 'PG-13', 'Inception', 2010);
INSERT INTO public.movies (id, genre, rating, title, year) VALUES (167261, 'Adventure', 'PG-13', 'The Lord of the Rings: The Two Towers', 2002);
INSERT INTO public.movies (id, genre, rating, title, year) VALUES (73486, 'Drama', 'R', 'One Flew Over the Cuckoo''s Nest', 1975);
INSERT INTO public.movies (id, genre, rating, title, year) VALUES (99685, 'Biography', 'R', 'Goodfellas', 1990);
INSERT INTO public.movies (id, genre, rating, title, year) VALUES (133093, 'Action', 'R', 'The Matrix', 1999);
INSERT INTO public.movies (id, genre, rating, title, year) VALUES (47478, 'Adventure', 'Not Rated', 'Seven Samurai', 1954);
INSERT INTO public.movies (id, genre, rating, title, year) VALUES (114369, 'Crime', 'R', 'Se7en', 1995);
INSERT INTO public.movies (id, genre, rating, title, year) VALUES (317248, 'Crime', 'R', 'City of God', 2002);
INSERT INTO public.movies (id, genre, rating, title, year) VALUES (76759, 'Action', 'PG', 'Star Wars: Episode IV - A New Hope', 1977);
INSERT INTO public.movies (id, genre, rating, title, year) VALUES (102926, 'Crime', 'R', 'The Silence of the Lambs', 1991);
INSERT INTO public.movies (id, genre, rating, title, year) VALUES (38650, 'Drama', 'PG', 'It''s a Wonderful Life', 1946);
INSERT INTO public.movies (id, genre, rating, title, year) VALUES (118799, 'Comedy', 'PG-13', 'Life Is Beautiful', 1997);
INSERT INTO public.movies (id, genre, rating, title, year) VALUES (245429, 'Animation', 'PG', 'Spirited Away', 2001);
INSERT INTO public.movies (id, genre, rating, title, year) VALUES (120815, 'Drama', 'R', 'Saving Private Ryan', 1998);
INSERT INTO public.movies (id, genre, rating, title, year) VALUES (114814, 'Crime', 'R', 'The Usual Suspects', 1995);
INSERT INTO public.movies (id, genre, rating, title, year) VALUES (110413, 'Action', 'R', 'Léon: The Professional', 1994);
INSERT INTO public.movies (id, genre, rating, title, year) VALUES (120689, 'Crime', 'R', 'The Green Mile', 1999);
INSERT INTO public.movies (id, genre, rating, title, year) VALUES (816692, 'Adventure', 'PG-13', 'Interstellar', 2014);
INSERT INTO public.movies (id, genre, rating, title, year) VALUES (54215, 'Horror', 'R', 'Psycho', 1960);
INSERT INTO public.movies (id, genre, rating, title, year) VALUES (120586, 'Drama', 'R', 'American History X', 1998);
INSERT INTO public.movies (id, genre, rating, title, year) VALUES (34583, 'Drama', 'PG', 'Casablanca', 1942);
INSERT INTO public.movies (id, genre, rating, title, year) VALUES (64116, 'Western', 'PG-13', 'Once Upon a Time in the West', 1968);
INSERT INTO public.movies (id, genre, rating, title, year) VALUES (253474, 'Biography', 'R', 'The Pianist', 2002);
INSERT INTO public.movies (id, genre, rating, title, year) VALUES (1675434, 'Biography', 'R', 'The Intouchables', 2011);
INSERT INTO public.movies (id, genre, rating, title, year) VALUES (88763, 'Adventure', 'PG', 'Back to the Future', 1985);
INSERT INTO public.movies (id, genre, rating, title, year) VALUES (103064, 'Sci-Fi', 'R', 'Terminator 2: Judgment Day', 1991);
INSERT INTO public.movies (id, genre, rating, title, year) VALUES (2582802, 'Drama', 'R', 'Whiplash', 2014);
INSERT INTO public.movies (id, genre, rating, title, year) VALUES (110357, 'Animation', 'G', 'The Lion King', 1994);
INSERT INTO public.movies (id, genre, rating, title, year) VALUES (4633694, 'Animation', 'PG', 'Spider-Man: Into the Spider-Verse', 2018);
INSERT INTO public.movies (id, genre, rating, title, year) VALUES (82971, 'Action', 'PG', 'Raiders of the Lost Ark', 1982);
INSERT INTO public.movies (id, genre, rating, title, year) VALUES (172495, 'Action', 'R', 'Gladiator', 2000);
INSERT INTO public.movies (id, genre, rating, title, year) VALUES (482571, 'Drama', 'PG-13', 'The Prestige', 2006);
INSERT INTO public.movies (id, genre, rating, title, year) VALUES (78788, 'Drama', 'R', 'Apocalypse Now', 1979);
INSERT INTO public.movies (id, genre, rating, title, year) VALUES (209144, 'Mystery', 'R', 'Memento', 2000);
INSERT INTO public.movies (id, genre, rating, title, year) VALUES (78748, 'Horror', 'R', 'Alien', 1979);
INSERT INTO public.movies (id, genre, rating, title, year) VALUES (95327, 'Animation', 'Not Rated', 'Grave of the Fireflies', 1988);
INSERT INTO public.movies (id, genre, rating, title, year) VALUES (95765, 'Drama', 'R', 'Cinema Paradiso', 1988);



INSERT INTO public.metadata (image, trailer, id) VALUES ('tt0111161', 'https://www.imdb.com/videoembed/vi3877612057', 111161);
INSERT INTO public.metadata (image, trailer, id) VALUES ('tt0068646', 'https://www.imdb.com/videoembed/vi1348706585', 68646);
INSERT INTO public.metadata (image, trailer, id) VALUES ('tt0071562', 'https://www.imdb.com/videoembed/vi696162841', 71562);
INSERT INTO public.metadata (image, trailer, id) VALUES ('tt0468569', 'https://www.imdb.com/videoembed/vi324468761', 468569);
INSERT INTO public.metadata (image, trailer, id) VALUES ('tt0050083', 'https://www.imdb.com/videoembed/vi3452609817', 50083);
INSERT INTO public.metadata (image, trailer, id) VALUES ('tt0108052', 'https://www.imdb.com/videoembed/vi1158527769', 108052);
INSERT INTO public.metadata (image, trailer, id) VALUES ('tt0167260', 'https://www.imdb.com/videoembed/vi2073101337', 167260);
INSERT INTO public.metadata (image, trailer, id) VALUES ('tt0110912', 'https://www.imdb.com/videoembed/vi2620371481', 110912);
INSERT INTO public.metadata (image, trailer, id) VALUES ('tt0137523', 'https://www.imdb.com/videoembed/vi781228825', 137523);
INSERT INTO public.metadata (image, trailer, id) VALUES ('tt0120737', 'https://www.imdb.com/videoembed/vi2073101337', 120737);
INSERT INTO public.metadata (image, trailer, id) VALUES ('tt0109830', 'https://www.imdb.com/videoembed/vi3567517977', 109830);
INSERT INTO public.metadata (image, trailer, id) VALUES ('tt0080684', 'https://www.imdb.com/videoembed/vi221753881', 80684);
INSERT INTO public.metadata (image, trailer, id) VALUES ('tt1375666', 'https://www.imdb.com/videoembed/vi4219471385', 1375666);
INSERT INTO public.metadata (image, trailer, id) VALUES ('tt0167261', 'https://www.imdb.com/videoembed/vi2073101337', 167261);
INSERT INTO public.metadata (image, trailer, id) VALUES ('tt0073486', 'https://www.imdb.com/videoembed/vi3943282969', 73486);
INSERT INTO public.metadata (image, trailer, id) VALUES ('tt0099685', 'https://www.imdb.com/videoembed/vi2673654553', 99685);
INSERT INTO public.metadata (image, trailer, id) VALUES ('tt0133093', 'https://www.imdb.com/videoembed/vi1032782617', 133093);
INSERT INTO public.metadata (image, trailer, id) VALUES ('tt0047478', 'https://www.imdb.com/videoembed/vi679459353', 47478);
INSERT INTO public.metadata (image, trailer, id) VALUES ('tt0114369', 'https://www.imdb.com/videoembed/vi2508831257', 114369);
INSERT INTO public.metadata (image, trailer, id) VALUES ('tt0317248', 'https://www.imdb.com/videoembed/vi1783208985', 317248);
INSERT INTO public.metadata (image, trailer, id) VALUES ('tt0076759', 'https://www.imdb.com/videoembed/vi1317709849', 76759);
INSERT INTO public.metadata (image, trailer, id) VALUES ('tt0102926', 'https://www.imdb.com/videoembed/vi3377380121', 102926);
INSERT INTO public.metadata (image, trailer, id) VALUES ('tt0038650', 'https://www.imdb.com/videoembed/vi1101988121', 38650);
INSERT INTO public.metadata (image, trailer, id) VALUES ('tt0118799', 'https://www.imdb.com/videoembed/vi2332801561', 118799);
INSERT INTO public.metadata (image, trailer, id) VALUES ('tt0245429', 'https://www.imdb.com/videoembed/vi3619684633', 245429);
INSERT INTO public.metadata (image, trailer, id) VALUES ('tt0120815', 'https://www.imdb.com/videoembed/vi1701906201', 120815);
INSERT INTO public.metadata (image, trailer, id) VALUES ('tt0114814', 'https://www.imdb.com/videoembed/vi2717188377', 114814);
INSERT INTO public.metadata (image, trailer, id) VALUES ('tt0110413', 'https://www.imdb.com/videoembed/vi2744254745', 110413);
INSERT INTO public.metadata (image, trailer, id) VALUES ('tt0120689', 'https://www.imdb.com/videoembed/vi552796441', 120689);
INSERT INTO public.metadata (image, trailer, id) VALUES ('tt0816692', 'https://www.imdb.com/videoembed/vi1586278169', 816692);
INSERT INTO public.metadata (image, trailer, id) VALUES ('tt0054215', 'https://www.imdb.com/videoembed/vi607099161', 54215);
INSERT INTO public.metadata (image, trailer, id) VALUES ('tt0120586', 'https://www.imdb.com/videoembed/vi854001177', 120586);
INSERT INTO public.metadata (image, trailer, id) VALUES ('tt0034583', 'https://www.imdb.com/videoembed/vi6095897', 34583);
INSERT INTO public.metadata (image, trailer, id) VALUES ('tt0064116', 'https://www.imdb.com/videoembed/vi239075865', 64116);
INSERT INTO public.metadata (image, trailer, id) VALUES ('tt0253474', 'https://www.imdb.com/videoembed/vi1969863193', 253474);
INSERT INTO public.metadata (image, trailer, id) VALUES ('tt1675434', 'https://www.imdb.com/videoembed/vi59285529', 1675434);
INSERT INTO public.metadata (image, trailer, id) VALUES ('tt0088763', 'https://www.imdb.com/videoembed/vi252380953', 88763);
INSERT INTO public.metadata (image, trailer, id) VALUES ('tt0103064', 'https://www.imdb.com/videoembed/vi2748889369', 103064);
INSERT INTO public.metadata (image, trailer, id) VALUES ('tt2582802', 'https://www.imdb.com/videoembed/vi4006456345', 2582802);
INSERT INTO public.metadata (image, trailer, id) VALUES ('tt0110357', 'https://www.imdb.com/videoembed/vi3764362265', 110357);
INSERT INTO public.metadata (image, trailer, id) VALUES ('tt4633694', 'https://www.imdb.com/videoembed/vi1489877529', 4633694);
INSERT INTO public.metadata (image, trailer, id) VALUES ('tt0082971', 'https://www.imdb.com/videoembed/vi3747396377', 82971);
INSERT INTO public.metadata (image, trailer, id) VALUES ('tt0172495', 'https://www.imdb.com/videoembed/vi2628367897', 172495);
INSERT INTO public.metadata (image, trailer, id) VALUES ('tt0482571', 'https://www.imdb.com/videoembed/vi2885334553', 482571);
INSERT INTO public.metadata (image, trailer, id) VALUES ('tt0078788', 'https://www.imdb.com/videoembed/vi3543773721', 78788);
INSERT INTO public.metadata (image, trailer, id) VALUES ('tt0209144', 'https://www.imdb.com/videoembed/vi1368785177', 209144);
INSERT INTO public.metadata (image, trailer, id) VALUES ('tt0078748', 'https://www.imdb.com/videoembed/vi1497801241', 78748);
INSERT INTO public.metadata (image, trailer, id) VALUES ('tt0095327', 'https://www.imdb.com/videoembed/vi1377679385', 95327);
INSERT INTO public.metadata (image, trailer, id) VALUES ('tt0095765', 'https://www.imdb.com/videoembed/vi2800655897', 95765);



INSERT INTO public.theaters (id, name, price) VALUES (1, 'AMC', 11.99);
INSERT INTO public.theaters (id, name, price) VALUES (2, 'Regal', 9.99);
INSERT INTO public.theaters (id, name, price) VALUES (3, 'Aurora', 8.99);
INSERT INTO public.theaters (id, name, price) VALUES (4, 'AMC', 13.99);
INSERT INTO public.theaters (id, name, price) VALUES (5, 'Regal', 12.99);
INSERT INTO public.theaters (id, name, price) VALUES (6, 'Aurora', 10.99);



INSERT INTO public.showtimes (id, movie_id, start_time, theater_id) VALUES (1, 482571, '15:21:00', 1);
INSERT INTO public.showtimes (id, movie_id, start_time, theater_id) VALUES (2, 133093, '05:37:00', 5);
INSERT INTO public.showtimes (id, movie_id, start_time, theater_id) VALUES (3, 111161, '06:34:00', 1);
INSERT INTO public.showtimes (id, movie_id, start_time, theater_id) VALUES (4, 76759, '02:41:00', 3);
INSERT INTO public.showtimes (id, movie_id, start_time, theater_id) VALUES (5, 118799, '06:15:00', 5);
INSERT INTO public.showtimes (id, movie_id, start_time, theater_id) VALUES (6, 120689, '09:27:00', 3);
INSERT INTO public.showtimes (id, movie_id, start_time, theater_id) VALUES (7, 80684, '12:22:00', 6);
INSERT INTO public.showtimes (id, movie_id, start_time, theater_id) VALUES (8, 245429, '15:38:00', 4);
INSERT INTO public.showtimes (id, movie_id, start_time, theater_id) VALUES (9, 110413, '05:12:00', 5);
INSERT INTO public.showtimes (id, movie_id, start_time, theater_id) VALUES (10, 68646, '02:39:00', 3);
INSERT INTO public.showtimes (id, movie_id, start_time, theater_id) VALUES (11, 110357, '23:35:00', 4);
INSERT INTO public.showtimes (id, movie_id, start_time, theater_id) VALUES (12, 47478, '23:08:00', 5);
INSERT INTO public.showtimes (id, movie_id, start_time, theater_id) VALUES (13, 253474, '08:53:00', 4);
INSERT INTO public.showtimes (id, movie_id, start_time, theater_id) VALUES (14, 108052, '00:12:00', 6);
INSERT INTO public.showtimes (id, movie_id, start_time, theater_id) VALUES (15, 114369, '18:16:00', 3);
INSERT INTO public.showtimes (id, movie_id, start_time, theater_id) VALUES (16, 114814, '06:11:00', 4);
INSERT INTO public.showtimes (id, movie_id, start_time, theater_id) VALUES (17, 109830, '07:04:00', 2);
INSERT INTO public.showtimes (id, movie_id, start_time, theater_id) VALUES (18, 95765, '02:03:00', 3);
INSERT INTO public.showtimes (id, movie_id, start_time, theater_id) VALUES (19, 120737, '03:26:00', 6);
INSERT INTO public.showtimes (id, movie_id, start_time, theater_id) VALUES (20, 71562, '23:04:00', 4);
INSERT INTO public.showtimes (id, movie_id, start_time, theater_id) VALUES (21, 2582802, '12:23:00', 6);
INSERT INTO public.showtimes (id, movie_id, start_time, theater_id) VALUES (23, 110912, '12:27:00', 2);
INSERT INTO public.showtimes (id, movie_id, start_time, theater_id) VALUES (24, 120815, '09:06:00', 2);
INSERT INTO public.showtimes (id, movie_id, start_time, theater_id) VALUES (25, 167261, '22:16:00', 6);
INSERT INTO public.showtimes (id, movie_id, start_time, theater_id) VALUES (26, 73486, '11:23:00', 3);
INSERT INTO public.showtimes (id, movie_id, start_time, theater_id) VALUES (27, 167260, '08:56:00', 1);
INSERT INTO public.showtimes (id, movie_id, start_time, theater_id) VALUES (28, 816692, '07:34:00', 1);
INSERT INTO public.showtimes (id, movie_id, start_time, theater_id) VALUES (29, 1375666, '06:10:00', 2);
INSERT INTO public.showtimes (id, movie_id, start_time, theater_id) VALUES (30, 64116, '12:55:00', 3);
INSERT INTO public.showtimes (id, movie_id, start_time, theater_id) VALUES (31, 102926, '07:27:00', 5);
INSERT INTO public.showtimes (id, movie_id, start_time, theater_id) VALUES (32, 82971, '14:23:00', 4);
INSERT INTO public.showtimes (id, movie_id, start_time, theater_id) VALUES (33, 137523, '12:05:00', 3);
INSERT INTO public.showtimes (id, movie_id, start_time, theater_id) VALUES (34, 50083, '09:58:00', 4);
INSERT INTO public.showtimes (id, movie_id, start_time, theater_id) VALUES (36, 120586, '00:23:00', 4);
INSERT INTO public.showtimes (id, movie_id, start_time, theater_id) VALUES (37, 88763, '13:25:00', 1);
INSERT INTO public.showtimes (id, movie_id, start_time, theater_id) VALUES (38, 4633694, '21:26:00', 1);
INSERT INTO public.showtimes (id, movie_id, start_time, theater_id) VALUES (39, 1675434, '18:52:00', 2);
INSERT INTO public.showtimes (id, movie_id, start_time, theater_id) VALUES (40, 209144, '14:51:00', 4);
INSERT INTO public.showtimes (id, movie_id, start_time, theater_id) VALUES (41, 78748, '00:56:00', 4);
INSERT INTO public.showtimes (id, movie_id, start_time, theater_id) VALUES (42, 54215, '09:56:00', 2);
INSERT INTO public.showtimes (id, movie_id, start_time, theater_id) VALUES (43, 468569, '21:25:00', 5);
INSERT INTO public.showtimes (id, movie_id, start_time, theater_id) VALUES (44, 317248, '19:04:00', 5);
INSERT INTO public.showtimes (id, movie_id, start_time, theater_id) VALUES (45, 172495, '01:58:00', 6);
INSERT INTO public.showtimes (id, movie_id, start_time, theater_id) VALUES (46, 99685, '23:47:00', 4);
INSERT INTO public.showtimes (id, movie_id, start_time, theater_id) VALUES (47, 38650, '10:31:00', 1);
INSERT INTO public.showtimes (id, movie_id, start_time, theater_id) VALUES (48, 95327, '01:46:00', 6);
INSERT INTO public.showtimes (id, movie_id, start_time, theater_id) VALUES (49, 103064, '10:40:00', 4);
INSERT INTO public.showtimes (id, movie_id, start_time, theater_id) VALUES (50, 78788, '15:44:00', 5);
INSERT INTO public.showtimes (id, movie_id, start_time, theater_id) VALUES (51, 34583, '07:03:00', 6);
INSERT INTO public.showtimes (id, movie_id, start_time, theater_id) VALUES (52, 73486, '21:01:00', 5);
INSERT INTO public.showtimes (id, movie_id, start_time, theater_id) VALUES (53, 99685, '04:39:00', 5);
INSERT INTO public.showtimes (id, movie_id, start_time, theater_id) VALUES (54, 50083, '17:54:00', 4);
INSERT INTO public.showtimes (id, movie_id, start_time, theater_id) VALUES (55, 137523, '13:44:00', 2);
INSERT INTO public.showtimes (id, movie_id, start_time, theater_id) VALUES (56, 95327, '00:32:00', 3);
INSERT INTO public.showtimes (id, movie_id, start_time, theater_id) VALUES (57, 80684, '23:05:00', 2);
INSERT INTO public.showtimes (id, movie_id, start_time, theater_id) VALUES (58, 4633694, '11:27:00', 2);
INSERT INTO public.showtimes (id, movie_id, start_time, theater_id) VALUES (59, 468569, '23:28:00', 4);
INSERT INTO public.showtimes (id, movie_id, start_time, theater_id) VALUES (60, 167260, '07:43:00', 3);
INSERT INTO public.showtimes (id, movie_id, start_time, theater_id) VALUES (61, 110413, '16:30:00', 3);
INSERT INTO public.showtimes (id, movie_id, start_time, theater_id) VALUES (62, 64116, '06:58:00', 2);
INSERT INTO public.showtimes (id, movie_id, start_time, theater_id) VALUES (63, 102926, '07:41:00', 1);
INSERT INTO public.showtimes (id, movie_id, start_time, theater_id) VALUES (64, 54215, '18:37:00', 2);
INSERT INTO public.showtimes (id, movie_id, start_time, theater_id) VALUES (65, 68646, '20:03:00', 4);
INSERT INTO public.showtimes (id, movie_id, start_time, theater_id) VALUES (66, 114814, '13:21:00', 3);
INSERT INTO public.showtimes (id, movie_id, start_time, theater_id) VALUES (68, 167261, '12:56:00', 2);
INSERT INTO public.showtimes (id, movie_id, start_time, theater_id) VALUES (69, 120737, '17:06:00', 4);
INSERT INTO public.showtimes (id, movie_id, start_time, theater_id) VALUES (70, 133093, '05:16:00', 5);
INSERT INTO public.showtimes (id, movie_id, start_time, theater_id) VALUES (71, 108052, '06:59:00', 3);
INSERT INTO public.showtimes (id, movie_id, start_time, theater_id) VALUES (72, 78788, '09:31:00', 1);
INSERT INTO public.showtimes (id, movie_id, start_time, theater_id) VALUES (73, 245429, '02:43:00', 4);
INSERT INTO public.showtimes (id, movie_id, start_time, theater_id) VALUES (74, 120815, '19:00:00', 6);
INSERT INTO public.showtimes (id, movie_id, start_time, theater_id) VALUES (75, 253474, '02:12:00', 2);
INSERT INTO public.showtimes (id, movie_id, start_time, theater_id) VALUES (76, 34583, '02:35:00', 5);
INSERT INTO public.showtimes (id, movie_id, start_time, theater_id) VALUES (77, 2582802, '11:23:00', 2);
INSERT INTO public.showtimes (id, movie_id, start_time, theater_id) VALUES (78, 114369, '13:33:00', 3);
INSERT INTO public.showtimes (id, movie_id, start_time, theater_id) VALUES (79, 47478, '12:32:00', 1);
INSERT INTO public.showtimes (id, movie_id, start_time, theater_id) VALUES (80, 120586, '17:44:00', 6);
INSERT INTO public.showtimes (id, movie_id, start_time, theater_id) VALUES (81, 82971, '23:25:00', 2);
INSERT INTO public.showtimes (id, movie_id, start_time, theater_id) VALUES (82, 816692, '05:38:00', 3);
INSERT INTO public.showtimes (id, movie_id, start_time, theater_id) VALUES (83, 120689, '23:54:00', 3);
INSERT INTO public.showtimes (id, movie_id, start_time, theater_id) VALUES (84, 78748, '21:40:00', 1);
INSERT INTO public.showtimes (id, movie_id, start_time, theater_id) VALUES (85, 1675434, '11:23:00', 2);
INSERT INTO public.showtimes (id, movie_id, start_time, theater_id) VALUES (86, 209144, '20:18:00', 3);
INSERT INTO public.showtimes (id, movie_id, start_time, theater_id) VALUES (87, 317248, '17:44:00', 5);
INSERT INTO public.showtimes (id, movie_id, start_time, theater_id) VALUES (88, 118799, '02:19:00', 5);
INSERT INTO public.showtimes (id, movie_id, start_time, theater_id) VALUES (89, 482571, '06:03:00', 6);
INSERT INTO public.showtimes (id, movie_id, start_time, theater_id) VALUES (90, 110357, '13:26:00', 2);
INSERT INTO public.showtimes (id, movie_id, start_time, theater_id) VALUES (91, 95765, '04:28:00', 3);
INSERT INTO public.showtimes (id, movie_id, start_time, theater_id) VALUES (92, 71562, '19:23:00', 6);
INSERT INTO public.showtimes (id, movie_id, start_time, theater_id) VALUES (93, 38650, '20:40:00', 5);
INSERT INTO public.showtimes (id, movie_id, start_time, theater_id) VALUES (94, 76759, '14:34:00', 5);
INSERT INTO public.showtimes (id, movie_id, start_time, theater_id) VALUES (95, 111161, '01:19:00', 3);
INSERT INTO public.showtimes (id, movie_id, start_time, theater_id) VALUES (96, 110912, '03:20:00', 1);
INSERT INTO public.showtimes (id, movie_id, start_time, theater_id) VALUES (97, 172495, '17:54:00', 3);
INSERT INTO public.showtimes (id, movie_id, start_time, theater_id) VALUES (98, 103064, '21:54:00', 4);
INSERT INTO public.showtimes (id, movie_id, start_time, theater_id) VALUES (99, 1375666, '20:17:00', 6);
INSERT INTO public.showtimes (id, movie_id, start_time, theater_id) VALUES (100, 109830, '09:18:00', 6);
INSERT INTO public.showtimes (id, movie_id, start_time, theater_id) VALUES (102, 88763, '15:03:00', 1);
INSERT INTO public.showtimes (id, movie_id, start_time, theater_id) VALUES (103, 482571, '23:19:00', 3);
INSERT INTO public.showtimes (id, movie_id, start_time, theater_id) VALUES (104, 133093, '23:58:00', 6);
INSERT INTO public.showtimes (id, movie_id, start_time, theater_id) VALUES (105, 111161, '16:02:00', 2);
INSERT INTO public.showtimes (id, movie_id, start_time, theater_id) VALUES (106, 76759, '01:33:00', 6);
INSERT INTO public.showtimes (id, movie_id, start_time, theater_id) VALUES (107, 118799, '15:36:00', 5);
INSERT INTO public.showtimes (id, movie_id, start_time, theater_id) VALUES (108, 120689, '10:35:00', 2);
INSERT INTO public.showtimes (id, movie_id, start_time, theater_id) VALUES (109, 80684, '17:08:00', 2);
INSERT INTO public.showtimes (id, movie_id, start_time, theater_id) VALUES (110, 245429, '04:10:00', 5);
INSERT INTO public.showtimes (id, movie_id, start_time, theater_id) VALUES (111, 110413, '10:21:00', 6);
INSERT INTO public.showtimes (id, movie_id, start_time, theater_id) VALUES (112, 68646, '15:38:00', 3);
INSERT INTO public.showtimes (id, movie_id, start_time, theater_id) VALUES (113, 110357, '00:23:00', 2);
INSERT INTO public.showtimes (id, movie_id, start_time, theater_id) VALUES (114, 47478, '01:52:00', 2);
INSERT INTO public.showtimes (id, movie_id, start_time, theater_id) VALUES (115, 253474, '20:22:00', 4);
INSERT INTO public.showtimes (id, movie_id, start_time, theater_id) VALUES (116, 108052, '15:51:00', 2);
INSERT INTO public.showtimes (id, movie_id, start_time, theater_id) VALUES (117, 114369, '03:22:00', 3);
INSERT INTO public.showtimes (id, movie_id, start_time, theater_id) VALUES (118, 114814, '02:36:00', 4);
INSERT INTO public.showtimes (id, movie_id, start_time, theater_id) VALUES (119, 109830, '22:26:00', 6);
INSERT INTO public.showtimes (id, movie_id, start_time, theater_id) VALUES (120, 95765, '22:02:00', 4);
INSERT INTO public.showtimes (id, movie_id, start_time, theater_id) VALUES (121, 120737, '22:30:00', 6);
INSERT INTO public.showtimes (id, movie_id, start_time, theater_id) VALUES (122, 71562, '16:33:00', 2);
INSERT INTO public.showtimes (id, movie_id, start_time, theater_id) VALUES (123, 2582802, '22:39:00', 3);
INSERT INTO public.showtimes (id, movie_id, start_time, theater_id) VALUES (125, 110912, '07:47:00', 6);
INSERT INTO public.showtimes (id, movie_id, start_time, theater_id) VALUES (126, 120815, '18:21:00', 2);
INSERT INTO public.showtimes (id, movie_id, start_time, theater_id) VALUES (127, 167261, '08:21:00', 5);
INSERT INTO public.showtimes (id, movie_id, start_time, theater_id) VALUES (128, 73486, '09:55:00', 5);
INSERT INTO public.showtimes (id, movie_id, start_time, theater_id) VALUES (129, 167260, '12:31:00', 6);
INSERT INTO public.showtimes (id, movie_id, start_time, theater_id) VALUES (130, 816692, '02:03:00', 2);
INSERT INTO public.showtimes (id, movie_id, start_time, theater_id) VALUES (131, 1375666, '10:04:00', 4);
INSERT INTO public.showtimes (id, movie_id, start_time, theater_id) VALUES (132, 64116, '23:57:00', 3);
INSERT INTO public.showtimes (id, movie_id, start_time, theater_id) VALUES (133, 102926, '17:50:00', 6);
INSERT INTO public.showtimes (id, movie_id, start_time, theater_id) VALUES (134, 82971, '09:17:00', 1);
INSERT INTO public.showtimes (id, movie_id, start_time, theater_id) VALUES (135, 137523, '21:51:00', 1);
INSERT INTO public.showtimes (id, movie_id, start_time, theater_id) VALUES (136, 50083, '00:50:00', 3);
INSERT INTO public.showtimes (id, movie_id, start_time, theater_id) VALUES (138, 120586, '23:55:00', 6);
INSERT INTO public.showtimes (id, movie_id, start_time, theater_id) VALUES (139, 88763, '00:23:00', 2);
INSERT INTO public.showtimes (id, movie_id, start_time, theater_id) VALUES (140, 4633694, '14:03:00', 4);
INSERT INTO public.showtimes (id, movie_id, start_time, theater_id) VALUES (141, 1675434, '01:49:00', 4);
INSERT INTO public.showtimes (id, movie_id, start_time, theater_id) VALUES (142, 209144, '22:45:00', 1);
INSERT INTO public.showtimes (id, movie_id, start_time, theater_id) VALUES (143, 78748, '03:58:00', 2);
INSERT INTO public.showtimes (id, movie_id, start_time, theater_id) VALUES (144, 54215, '07:11:00', 4);
INSERT INTO public.showtimes (id, movie_id, start_time, theater_id) VALUES (145, 468569, '01:30:00', 6);
INSERT INTO public.showtimes (id, movie_id, start_time, theater_id) VALUES (146, 317248, '04:34:00', 2);
INSERT INTO public.showtimes (id, movie_id, start_time, theater_id) VALUES (147, 172495, '20:43:00', 6);
INSERT INTO public.showtimes (id, movie_id, start_time, theater_id) VALUES (148, 99685, '21:37:00', 3);
INSERT INTO public.showtimes (id, movie_id, start_time, theater_id) VALUES (149, 38650, '08:03:00', 3);
INSERT INTO public.showtimes (id, movie_id, start_time, theater_id) VALUES (150, 95327, '11:29:00', 5);
INSERT INTO public.showtimes (id, movie_id, start_time, theater_id) VALUES (151, 103064, '18:40:00', 3);
INSERT INTO public.showtimes (id, movie_id, start_time, theater_id) VALUES (152, 78788, '09:29:00', 3);
INSERT INTO public.showtimes (id, movie_id, start_time, theater_id) VALUES (153, 34583, '23:05:00', 2);
INSERT INTO public.showtimes (id, movie_id, start_time, theater_id) VALUES (154, 73486, '14:16:00', 6);
INSERT INTO public.showtimes (id, movie_id, start_time, theater_id) VALUES (155, 99685, '19:21:00', 5);
INSERT INTO public.showtimes (id, movie_id, start_time, theater_id) VALUES (156, 50083, '05:44:00', 6);
INSERT INTO public.showtimes (id, movie_id, start_time, theater_id) VALUES (157, 137523, '13:30:00', 5);
INSERT INTO public.showtimes (id, movie_id, start_time, theater_id) VALUES (158, 95327, '07:01:00', 6);
INSERT INTO public.showtimes (id, movie_id, start_time, theater_id) VALUES (159, 80684, '13:05:00', 6);
INSERT INTO public.showtimes (id, movie_id, start_time, theater_id) VALUES (160, 4633694, '07:18:00', 4);
INSERT INTO public.showtimes (id, movie_id, start_time, theater_id) VALUES (161, 468569, '11:46:00', 4);
INSERT INTO public.showtimes (id, movie_id, start_time, theater_id) VALUES (162, 167260, '07:25:00', 2);
INSERT INTO public.showtimes (id, movie_id, start_time, theater_id) VALUES (163, 110413, '22:09:00', 2);
INSERT INTO public.showtimes (id, movie_id, start_time, theater_id) VALUES (164, 64116, '22:28:00', 5);
INSERT INTO public.showtimes (id, movie_id, start_time, theater_id) VALUES (165, 102926, '10:03:00', 4);
INSERT INTO public.showtimes (id, movie_id, start_time, theater_id) VALUES (166, 54215, '10:44:00', 3);
INSERT INTO public.showtimes (id, movie_id, start_time, theater_id) VALUES (167, 68646, '01:45:00', 2);
INSERT INTO public.showtimes (id, movie_id, start_time, theater_id) VALUES (168, 114814, '13:47:00', 5);
INSERT INTO public.showtimes (id, movie_id, start_time, theater_id) VALUES (170, 167261, '02:40:00', 2);
INSERT INTO public.showtimes (id, movie_id, start_time, theater_id) VALUES (171, 120737, '16:13:00', 6);
INSERT INTO public.showtimes (id, movie_id, start_time, theater_id) VALUES (172, 133093, '06:56:00', 3);
INSERT INTO public.showtimes (id, movie_id, start_time, theater_id) VALUES (173, 108052, '23:02:00', 2);
INSERT INTO public.showtimes (id, movie_id, start_time, theater_id) VALUES (174, 78788, '12:36:00', 6);
INSERT INTO public.showtimes (id, movie_id, start_time, theater_id) VALUES (175, 245429, '20:34:00', 4);
INSERT INTO public.showtimes (id, movie_id, start_time, theater_id) VALUES (176, 120815, '02:50:00', 6);
INSERT INTO public.showtimes (id, movie_id, start_time, theater_id) VALUES (177, 253474, '04:34:00', 3);
INSERT INTO public.showtimes (id, movie_id, start_time, theater_id) VALUES (178, 34583, '13:23:00', 3);
INSERT INTO public.showtimes (id, movie_id, start_time, theater_id) VALUES (179, 2582802, '13:59:00', 5);
INSERT INTO public.showtimes (id, movie_id, start_time, theater_id) VALUES (180, 114369, '22:10:00', 2);
INSERT INTO public.showtimes (id, movie_id, start_time, theater_id) VALUES (181, 47478, '11:53:00', 1);
INSERT INTO public.showtimes (id, movie_id, start_time, theater_id) VALUES (182, 120586, '02:47:00', 6);
INSERT INTO public.showtimes (id, movie_id, start_time, theater_id) VALUES (183, 82971, '22:27:00', 5);
INSERT INTO public.showtimes (id, movie_id, start_time, theater_id) VALUES (184, 816692, '02:44:00', 5);
INSERT INTO public.showtimes (id, movie_id, start_time, theater_id) VALUES (185, 120689, '22:01:00', 2);
INSERT INTO public.showtimes (id, movie_id, start_time, theater_id) VALUES (186, 78748, '23:47:00', 5);
INSERT INTO public.showtimes (id, movie_id, start_time, theater_id) VALUES (187, 1675434, '21:01:00', 3);
INSERT INTO public.showtimes (id, movie_id, start_time, theater_id) VALUES (188, 209144, '03:35:00', 1);
INSERT INTO public.showtimes (id, movie_id, start_time, theater_id) VALUES (189, 317248, '00:47:00', 3);
INSERT INTO public.showtimes (id, movie_id, start_time, theater_id) VALUES (190, 118799, '23:24:00', 6);
INSERT INTO public.showtimes (id, movie_id, start_time, theater_id) VALUES (191, 482571, '02:39:00', 6);
INSERT INTO public.showtimes (id, movie_id, start_time, theater_id) VALUES (192, 110357, '09:23:00', 4);
INSERT INTO public.showtimes (id, movie_id, start_time, theater_id) VALUES (193, 95765, '15:17:00', 6);
INSERT INTO public.showtimes (id, movie_id, start_time, theater_id) VALUES (194, 71562, '08:54:00', 6);
INSERT INTO public.showtimes (id, movie_id, start_time, theater_id) VALUES (195, 38650, '15:15:00', 3);
INSERT INTO public.showtimes (id, movie_id, start_time, theater_id) VALUES (196, 76759, '14:54:00', 2);
INSERT INTO public.showtimes (id, movie_id, start_time, theater_id) VALUES (197, 111161, '22:30:00', 5);
INSERT INTO public.showtimes (id, movie_id, start_time, theater_id) VALUES (198, 110912, '13:28:00', 6);
INSERT INTO public.showtimes (id, movie_id, start_time, theater_id) VALUES (199, 172495, '22:28:00', 5);
INSERT INTO public.showtimes (id, movie_id, start_time, theater_id) VALUES (200, 103064, '19:08:00', 2);
INSERT INTO public.showtimes (id, movie_id, start_time, theater_id) VALUES (201, 1375666, '05:41:00', 4);
INSERT INTO public.showtimes (id, movie_id, start_time, theater_id) VALUES (202, 109830, '12:02:00', 3);
INSERT INTO public.showtimes (id, movie_id, start_time, theater_id) VALUES (204, 88763, '01:01:00', 4);
INSERT INTO public.showtimes (id, movie_id, start_time, theater_id) VALUES (205, 482571, '17:49:00', 2);
INSERT INTO public.showtimes (id, movie_id, start_time, theater_id) VALUES (206, 133093, '19:06:00', 2);
INSERT INTO public.showtimes (id, movie_id, start_time, theater_id) VALUES (207, 111161, '06:16:00', 3);
INSERT INTO public.showtimes (id, movie_id, start_time, theater_id) VALUES (208, 76759, '08:32:00', 5);
INSERT INTO public.showtimes (id, movie_id, start_time, theater_id) VALUES (209, 118799, '15:31:00', 2);
INSERT INTO public.showtimes (id, movie_id, start_time, theater_id) VALUES (210, 120689, '07:57:00', 5);
INSERT INTO public.showtimes (id, movie_id, start_time, theater_id) VALUES (211, 80684, '11:20:00', 2);
INSERT INTO public.showtimes (id, movie_id, start_time, theater_id) VALUES (212, 245429, '08:57:00', 4);
INSERT INTO public.showtimes (id, movie_id, start_time, theater_id) VALUES (213, 110413, '23:03:00', 2);
INSERT INTO public.showtimes (id, movie_id, start_time, theater_id) VALUES (214, 68646, '00:21:00', 5);
INSERT INTO public.showtimes (id, movie_id, start_time, theater_id) VALUES (215, 110357, '10:21:00', 3);
INSERT INTO public.showtimes (id, movie_id, start_time, theater_id) VALUES (216, 47478, '18:02:00', 5);
INSERT INTO public.showtimes (id, movie_id, start_time, theater_id) VALUES (217, 253474, '11:18:00', 3);
INSERT INTO public.showtimes (id, movie_id, start_time, theater_id) VALUES (218, 108052, '07:17:00', 1);
INSERT INTO public.showtimes (id, movie_id, start_time, theater_id) VALUES (219, 114369, '04:56:00', 6);
INSERT INTO public.showtimes (id, movie_id, start_time, theater_id) VALUES (220, 114814, '11:53:00', 5);
INSERT INTO public.showtimes (id, movie_id, start_time, theater_id) VALUES (221, 109830, '23:08:00', 6);
INSERT INTO public.showtimes (id, movie_id, start_time, theater_id) VALUES (222, 95765, '15:52:00', 3);
INSERT INTO public.showtimes (id, movie_id, start_time, theater_id) VALUES (223, 120737, '23:52:00', 5);
INSERT INTO public.showtimes (id, movie_id, start_time, theater_id) VALUES (224, 71562, '13:20:00', 6);
INSERT INTO public.showtimes (id, movie_id, start_time, theater_id) VALUES (225, 2582802, '17:46:00', 3);
INSERT INTO public.showtimes (id, movie_id, start_time, theater_id) VALUES (227, 110912, '09:42:00', 6);
INSERT INTO public.showtimes (id, movie_id, start_time, theater_id) VALUES (228, 120815, '17:03:00', 2);
INSERT INTO public.showtimes (id, movie_id, start_time, theater_id) VALUES (229, 167261, '08:39:00', 5);
INSERT INTO public.showtimes (id, movie_id, start_time, theater_id) VALUES (230, 73486, '07:08:00', 1);
INSERT INTO public.showtimes (id, movie_id, start_time, theater_id) VALUES (231, 167260, '20:00:00', 2);
INSERT INTO public.showtimes (id, movie_id, start_time, theater_id) VALUES (232, 816692, '02:16:00', 1);
INSERT INTO public.showtimes (id, movie_id, start_time, theater_id) VALUES (233, 1375666, '00:26:00', 2);
INSERT INTO public.showtimes (id, movie_id, start_time, theater_id) VALUES (234, 64116, '16:59:00', 5);
INSERT INTO public.showtimes (id, movie_id, start_time, theater_id) VALUES (235, 102926, '03:02:00', 2);
INSERT INTO public.showtimes (id, movie_id, start_time, theater_id) VALUES (236, 82971, '19:35:00', 2);
INSERT INTO public.showtimes (id, movie_id, start_time, theater_id) VALUES (237, 137523, '12:22:00', 6);
INSERT INTO public.showtimes (id, movie_id, start_time, theater_id) VALUES (238, 50083, '21:44:00', 4);
INSERT INTO public.showtimes (id, movie_id, start_time, theater_id) VALUES (240, 120586, '10:34:00', 3);
INSERT INTO public.showtimes (id, movie_id, start_time, theater_id) VALUES (241, 88763, '09:11:00', 3);
INSERT INTO public.showtimes (id, movie_id, start_time, theater_id) VALUES (242, 4633694, '09:27:00', 5);
INSERT INTO public.showtimes (id, movie_id, start_time, theater_id) VALUES (243, 1675434, '15:23:00', 3);
INSERT INTO public.showtimes (id, movie_id, start_time, theater_id) VALUES (244, 209144, '13:55:00', 1);
INSERT INTO public.showtimes (id, movie_id, start_time, theater_id) VALUES (245, 78748, '09:29:00', 5);
INSERT INTO public.showtimes (id, movie_id, start_time, theater_id) VALUES (246, 54215, '04:24:00', 5);
INSERT INTO public.showtimes (id, movie_id, start_time, theater_id) VALUES (247, 468569, '22:21:00', 1);
INSERT INTO public.showtimes (id, movie_id, start_time, theater_id) VALUES (248, 317248, '18:12:00', 2);
INSERT INTO public.showtimes (id, movie_id, start_time, theater_id) VALUES (249, 172495, '16:05:00', 3);
INSERT INTO public.showtimes (id, movie_id, start_time, theater_id) VALUES (250, 99685, '18:30:00', 4);
INSERT INTO public.showtimes (id, movie_id, start_time, theater_id) VALUES (251, 38650, '08:05:00', 1);
INSERT INTO public.showtimes (id, movie_id, start_time, theater_id) VALUES (252, 95327, '22:25:00', 6);
INSERT INTO public.showtimes (id, movie_id, start_time, theater_id) VALUES (253, 103064, '16:21:00', 3);
INSERT INTO public.showtimes (id, movie_id, start_time, theater_id) VALUES (254, 78788, '00:42:00', 1);
INSERT INTO public.showtimes (id, movie_id, start_time, theater_id) VALUES (255, 34583, '04:03:00', 6);
INSERT INTO public.showtimes (id, movie_id, start_time, theater_id) VALUES (256, 73486, '08:00:00', 5);
INSERT INTO public.showtimes (id, movie_id, start_time, theater_id) VALUES (257, 99685, '03:09:00', 2);
INSERT INTO public.showtimes (id, movie_id, start_time, theater_id) VALUES (258, 50083, '14:01:00', 1);
INSERT INTO public.showtimes (id, movie_id, start_time, theater_id) VALUES (259, 137523, '23:57:00', 3);
INSERT INTO public.showtimes (id, movie_id, start_time, theater_id) VALUES (260, 95327, '11:47:00', 6);
INSERT INTO public.showtimes (id, movie_id, start_time, theater_id) VALUES (261, 80684, '20:15:00', 6);
INSERT INTO public.showtimes (id, movie_id, start_time, theater_id) VALUES (262, 4633694, '08:54:00', 6);
INSERT INTO public.showtimes (id, movie_id, start_time, theater_id) VALUES (263, 468569, '01:23:00', 5);
INSERT INTO public.showtimes (id, movie_id, start_time, theater_id) VALUES (264, 167260, '19:14:00', 5);
INSERT INTO public.showtimes (id, movie_id, start_time, theater_id) VALUES (265, 110413, '13:10:00', 2);
INSERT INTO public.showtimes (id, movie_id, start_time, theater_id) VALUES (266, 64116, '03:32:00', 2);
INSERT INTO public.showtimes (id, movie_id, start_time, theater_id) VALUES (267, 102926, '10:06:00', 1);
INSERT INTO public.showtimes (id, movie_id, start_time, theater_id) VALUES (268, 54215, '22:36:00', 4);
INSERT INTO public.showtimes (id, movie_id, start_time, theater_id) VALUES (269, 68646, '22:20:00', 2);
INSERT INTO public.showtimes (id, movie_id, start_time, theater_id) VALUES (270, 114814, '22:27:00', 2);
INSERT INTO public.showtimes (id, movie_id, start_time, theater_id) VALUES (272, 167261, '00:25:00', 5);
INSERT INTO public.showtimes (id, movie_id, start_time, theater_id) VALUES (273, 120737, '23:30:00', 6);
INSERT INTO public.showtimes (id, movie_id, start_time, theater_id) VALUES (274, 133093, '07:24:00', 1);
INSERT INTO public.showtimes (id, movie_id, start_time, theater_id) VALUES (275, 108052, '18:18:00', 1);
INSERT INTO public.showtimes (id, movie_id, start_time, theater_id) VALUES (276, 78788, '09:23:00', 4);
INSERT INTO public.showtimes (id, movie_id, start_time, theater_id) VALUES (277, 245429, '14:54:00', 3);
INSERT INTO public.showtimes (id, movie_id, start_time, theater_id) VALUES (278, 120815, '18:15:00', 6);
INSERT INTO public.showtimes (id, movie_id, start_time, theater_id) VALUES (279, 253474, '03:58:00', 4);
INSERT INTO public.showtimes (id, movie_id, start_time, theater_id) VALUES (280, 34583, '14:59:00', 6);
INSERT INTO public.showtimes (id, movie_id, start_time, theater_id) VALUES (281, 2582802, '03:20:00', 4);
INSERT INTO public.showtimes (id, movie_id, start_time, theater_id) VALUES (282, 114369, '11:27:00', 5);
INSERT INTO public.showtimes (id, movie_id, start_time, theater_id) VALUES (283, 47478, '00:27:00', 4);
INSERT INTO public.showtimes (id, movie_id, start_time, theater_id) VALUES (284, 120586, '05:18:00', 1);
INSERT INTO public.showtimes (id, movie_id, start_time, theater_id) VALUES (285, 82971, '08:32:00', 3);
INSERT INTO public.showtimes (id, movie_id, start_time, theater_id) VALUES (286, 816692, '02:56:00', 1);
INSERT INTO public.showtimes (id, movie_id, start_time, theater_id) VALUES (287, 120689, '01:55:00', 6);
INSERT INTO public.showtimes (id, movie_id, start_time, theater_id) VALUES (288, 78748, '15:58:00', 4);
INSERT INTO public.showtimes (id, movie_id, start_time, theater_id) VALUES (289, 1675434, '19:50:00', 5);
INSERT INTO public.showtimes (id, movie_id, start_time, theater_id) VALUES (290, 209144, '09:53:00', 3);
INSERT INTO public.showtimes (id, movie_id, start_time, theater_id) VALUES (291, 317248, '17:46:00', 5);
INSERT INTO public.showtimes (id, movie_id, start_time, theater_id) VALUES (292, 118799, '11:28:00', 2);
INSERT INTO public.showtimes (id, movie_id, start_time, theater_id) VALUES (293, 482571, '22:55:00', 2);
INSERT INTO public.showtimes (id, movie_id, start_time, theater_id) VALUES (294, 110357, '01:49:00', 4);
INSERT INTO public.showtimes (id, movie_id, start_time, theater_id) VALUES (295, 95765, '14:01:00', 4);
INSERT INTO public.showtimes (id, movie_id, start_time, theater_id) VALUES (296, 71562, '07:30:00', 2);
INSERT INTO public.showtimes (id, movie_id, start_time, theater_id) VALUES (297, 38650, '09:06:00', 6);
INSERT INTO public.showtimes (id, movie_id, start_time, theater_id) VALUES (298, 76759, '22:20:00', 1);
INSERT INTO public.showtimes (id, movie_id, start_time, theater_id) VALUES (299, 111161, '04:03:00', 4);
INSERT INTO public.showtimes (id, movie_id, start_time, theater_id) VALUES (300, 110912, '19:03:00', 4);
INSERT INTO public.showtimes (id, movie_id, start_time, theater_id) VALUES (301, 172495, '16:47:00', 6);
INSERT INTO public.showtimes (id, movie_id, start_time, theater_id) VALUES (302, 103064, '11:46:00', 2);
INSERT INTO public.showtimes (id, movie_id, start_time, theater_id) VALUES (303, 1375666, '12:27:00', 1);
INSERT INTO public.showtimes (id, movie_id, start_time, theater_id) VALUES (304, 109830, '22:39:00', 2);
INSERT INTO public.showtimes (id, movie_id, start_time, theater_id) VALUES (306, 88763, '18:35:00', 6);
INSERT INTO public.showtimes (id, movie_id, start_time, theater_id) VALUES (307, 482571, '06:42:00', 1);
INSERT INTO public.showtimes (id, movie_id, start_time, theater_id) VALUES (308, 133093, '00:17:00', 3);
INSERT INTO public.showtimes (id, movie_id, start_time, theater_id) VALUES (309, 111161, '16:27:00', 6);
INSERT INTO public.showtimes (id, movie_id, start_time, theater_id) VALUES (310, 76759, '16:47:00', 6);
INSERT INTO public.showtimes (id, movie_id, start_time, theater_id) VALUES (311, 118799, '19:18:00', 3);
INSERT INTO public.showtimes (id, movie_id, start_time, theater_id) VALUES (312, 120689, '18:25:00', 1);
INSERT INTO public.showtimes (id, movie_id, start_time, theater_id) VALUES (313, 80684, '05:47:00', 1);
INSERT INTO public.showtimes (id, movie_id, start_time, theater_id) VALUES (314, 245429, '04:09:00', 5);
INSERT INTO public.showtimes (id, movie_id, start_time, theater_id) VALUES (315, 110413, '12:41:00', 6);
INSERT INTO public.showtimes (id, movie_id, start_time, theater_id) VALUES (316, 68646, '07:53:00', 5);
INSERT INTO public.showtimes (id, movie_id, start_time, theater_id) VALUES (317, 110357, '11:52:00', 2);
INSERT INTO public.showtimes (id, movie_id, start_time, theater_id) VALUES (318, 47478, '11:22:00', 3);
INSERT INTO public.showtimes (id, movie_id, start_time, theater_id) VALUES (319, 253474, '10:27:00', 3);
INSERT INTO public.showtimes (id, movie_id, start_time, theater_id) VALUES (320, 108052, '08:12:00', 2);
INSERT INTO public.showtimes (id, movie_id, start_time, theater_id) VALUES (321, 114369, '15:12:00', 1);
INSERT INTO public.showtimes (id, movie_id, start_time, theater_id) VALUES (322, 114814, '00:18:00', 5);
INSERT INTO public.showtimes (id, movie_id, start_time, theater_id) VALUES (323, 109830, '07:03:00', 1);
INSERT INTO public.showtimes (id, movie_id, start_time, theater_id) VALUES (324, 95765, '15:17:00', 2);
INSERT INTO public.showtimes (id, movie_id, start_time, theater_id) VALUES (325, 120737, '11:54:00', 5);
INSERT INTO public.showtimes (id, movie_id, start_time, theater_id) VALUES (326, 71562, '22:17:00', 3);
INSERT INTO public.showtimes (id, movie_id, start_time, theater_id) VALUES (327, 2582802, '23:51:00', 4);
INSERT INTO public.showtimes (id, movie_id, start_time, theater_id) VALUES (329, 110912, '22:19:00', 5);
INSERT INTO public.showtimes (id, movie_id, start_time, theater_id) VALUES (330, 120815, '23:50:00', 4);
INSERT INTO public.showtimes (id, movie_id, start_time, theater_id) VALUES (331, 167261, '07:21:00', 3);
INSERT INTO public.showtimes (id, movie_id, start_time, theater_id) VALUES (332, 73486, '06:58:00', 5);
INSERT INTO public.showtimes (id, movie_id, start_time, theater_id) VALUES (333, 167260, '21:15:00', 6);
INSERT INTO public.showtimes (id, movie_id, start_time, theater_id) VALUES (334, 816692, '06:36:00', 3);
INSERT INTO public.showtimes (id, movie_id, start_time, theater_id) VALUES (335, 1375666, '07:18:00', 5);
INSERT INTO public.showtimes (id, movie_id, start_time, theater_id) VALUES (336, 64116, '15:45:00', 5);
INSERT INTO public.showtimes (id, movie_id, start_time, theater_id) VALUES (337, 102926, '09:47:00', 4);
INSERT INTO public.showtimes (id, movie_id, start_time, theater_id) VALUES (338, 82971, '10:26:00', 6);
INSERT INTO public.showtimes (id, movie_id, start_time, theater_id) VALUES (339, 137523, '06:09:00', 6);
INSERT INTO public.showtimes (id, movie_id, start_time, theater_id) VALUES (340, 50083, '12:48:00', 6);
INSERT INTO public.showtimes (id, movie_id, start_time, theater_id) VALUES (342, 120586, '07:42:00', 1);
INSERT INTO public.showtimes (id, movie_id, start_time, theater_id) VALUES (343, 88763, '09:05:00', 1);
INSERT INTO public.showtimes (id, movie_id, start_time, theater_id) VALUES (344, 4633694, '02:22:00', 2);
INSERT INTO public.showtimes (id, movie_id, start_time, theater_id) VALUES (345, 1675434, '15:25:00', 6);
INSERT INTO public.showtimes (id, movie_id, start_time, theater_id) VALUES (346, 209144, '20:21:00', 6);
INSERT INTO public.showtimes (id, movie_id, start_time, theater_id) VALUES (347, 78748, '19:59:00', 5);
INSERT INTO public.showtimes (id, movie_id, start_time, theater_id) VALUES (348, 54215, '23:56:00', 4);
INSERT INTO public.showtimes (id, movie_id, start_time, theater_id) VALUES (349, 468569, '18:30:00', 3);
INSERT INTO public.showtimes (id, movie_id, start_time, theater_id) VALUES (350, 317248, '11:05:00', 6);
INSERT INTO public.showtimes (id, movie_id, start_time, theater_id) VALUES (351, 172495, '01:34:00', 3);
INSERT INTO public.showtimes (id, movie_id, start_time, theater_id) VALUES (352, 99685, '09:33:00', 4);
INSERT INTO public.showtimes (id, movie_id, start_time, theater_id) VALUES (353, 38650, '14:49:00', 2);
INSERT INTO public.showtimes (id, movie_id, start_time, theater_id) VALUES (354, 95327, '04:33:00', 4);
INSERT INTO public.showtimes (id, movie_id, start_time, theater_id) VALUES (355, 103064, '16:15:00', 5);
INSERT INTO public.showtimes (id, movie_id, start_time, theater_id) VALUES (356, 78788, '13:29:00', 6);
INSERT INTO public.showtimes (id, movie_id, start_time, theater_id) VALUES (357, 34583, '19:16:00', 5);
INSERT INTO public.showtimes (id, movie_id, start_time, theater_id) VALUES (358, 73486, '02:45:00', 3);
INSERT INTO public.showtimes (id, movie_id, start_time, theater_id) VALUES (359, 99685, '14:38:00', 1);
INSERT INTO public.showtimes (id, movie_id, start_time, theater_id) VALUES (360, 50083, '17:19:00', 1);
INSERT INTO public.showtimes (id, movie_id, start_time, theater_id) VALUES (361, 137523, '22:54:00', 2);
INSERT INTO public.showtimes (id, movie_id, start_time, theater_id) VALUES (362, 95327, '01:37:00', 6);
INSERT INTO public.showtimes (id, movie_id, start_time, theater_id) VALUES (363, 80684, '21:51:00', 3);
INSERT INTO public.showtimes (id, movie_id, start_time, theater_id) VALUES (364, 4633694, '21:13:00', 1);
INSERT INTO public.showtimes (id, movie_id, start_time, theater_id) VALUES (365, 468569, '11:52:00', 3);
INSERT INTO public.showtimes (id, movie_id, start_time, theater_id) VALUES (366, 167260, '14:10:00', 3);
INSERT INTO public.showtimes (id, movie_id, start_time, theater_id) VALUES (367, 110413, '17:35:00', 4);
INSERT INTO public.showtimes (id, movie_id, start_time, theater_id) VALUES (368, 64116, '11:28:00', 3);
INSERT INTO public.showtimes (id, movie_id, start_time, theater_id) VALUES (369, 102926, '19:38:00', 6);
INSERT INTO public.showtimes (id, movie_id, start_time, theater_id) VALUES (370, 54215, '11:56:00', 1);
INSERT INTO public.showtimes (id, movie_id, start_time, theater_id) VALUES (371, 68646, '15:10:00', 3);
INSERT INTO public.showtimes (id, movie_id, start_time, theater_id) VALUES (372, 114814, '20:52:00', 1);
INSERT INTO public.showtimes (id, movie_id, start_time, theater_id) VALUES (374, 167261, '05:31:00', 5);
INSERT INTO public.showtimes (id, movie_id, start_time, theater_id) VALUES (375, 120737, '09:42:00', 6);
INSERT INTO public.showtimes (id, movie_id, start_time, theater_id) VALUES (376, 133093, '12:11:00', 6);
INSERT INTO public.showtimes (id, movie_id, start_time, theater_id) VALUES (377, 108052, '20:34:00', 6);
INSERT INTO public.showtimes (id, movie_id, start_time, theater_id) VALUES (378, 78788, '00:52:00', 1);
INSERT INTO public.showtimes (id, movie_id, start_time, theater_id) VALUES (379, 245429, '21:09:00', 3);
INSERT INTO public.showtimes (id, movie_id, start_time, theater_id) VALUES (380, 120815, '04:52:00', 3);
INSERT INTO public.showtimes (id, movie_id, start_time, theater_id) VALUES (381, 253474, '06:02:00', 3);
INSERT INTO public.showtimes (id, movie_id, start_time, theater_id) VALUES (382, 34583, '18:23:00', 4);
INSERT INTO public.showtimes (id, movie_id, start_time, theater_id) VALUES (383, 2582802, '17:43:00', 5);
INSERT INTO public.showtimes (id, movie_id, start_time, theater_id) VALUES (384, 114369, '11:11:00', 4);
INSERT INTO public.showtimes (id, movie_id, start_time, theater_id) VALUES (385, 47478, '11:32:00', 2);
INSERT INTO public.showtimes (id, movie_id, start_time, theater_id) VALUES (386, 120586, '23:20:00', 4);
INSERT INTO public.showtimes (id, movie_id, start_time, theater_id) VALUES (387, 82971, '16:31:00', 2);
INSERT INTO public.showtimes (id, movie_id, start_time, theater_id) VALUES (388, 816692, '18:41:00', 1);
INSERT INTO public.showtimes (id, movie_id, start_time, theater_id) VALUES (389, 120689, '22:34:00', 3);
INSERT INTO public.showtimes (id, movie_id, start_time, theater_id) VALUES (390, 78748, '23:15:00', 1);
INSERT INTO public.showtimes (id, movie_id, start_time, theater_id) VALUES (391, 1675434, '04:35:00', 3);
INSERT INTO public.showtimes (id, movie_id, start_time, theater_id) VALUES (392, 209144, '14:35:00', 1);
INSERT INTO public.showtimes (id, movie_id, start_time, theater_id) VALUES (393, 317248, '19:56:00', 3);
INSERT INTO public.showtimes (id, movie_id, start_time, theater_id) VALUES (394, 118799, '15:23:00', 6);
INSERT INTO public.showtimes (id, movie_id, start_time, theater_id) VALUES (395, 482571, '16:12:00', 2);
INSERT INTO public.showtimes (id, movie_id, start_time, theater_id) VALUES (396, 110357, '19:23:00', 3);
INSERT INTO public.showtimes (id, movie_id, start_time, theater_id) VALUES (397, 95765, '05:39:00', 4);
INSERT INTO public.showtimes (id, movie_id, start_time, theater_id) VALUES (398, 71562, '16:29:00', 6);
INSERT INTO public.showtimes (id, movie_id, start_time, theater_id) VALUES (399, 38650, '23:51:00', 4);
INSERT INTO public.showtimes (id, movie_id, start_time, theater_id) VALUES (400, 76759, '11:55:00', 4);
INSERT INTO public.showtimes (id, movie_id, start_time, theater_id) VALUES (401, 111161, '05:47:00', 5);
INSERT INTO public.showtimes (id, movie_id, start_time, theater_id) VALUES (402, 110912, '04:15:00', 5);
INSERT INTO public.showtimes (id, movie_id, start_time, theater_id) VALUES (403, 172495, '04:22:00', 3);
INSERT INTO public.showtimes (id, movie_id, start_time, theater_id) VALUES (404, 103064, '18:58:00', 1);
INSERT INTO public.showtimes (id, movie_id, start_time, theater_id) VALUES (405, 1375666, '15:10:00', 4);
INSERT INTO public.showtimes (id, movie_id, start_time, theater_id) VALUES (406, 109830, '16:16:00', 3);
INSERT INTO public.showtimes (id, movie_id, start_time, theater_id) VALUES (408, 88763, '15:10:00', 3);
INSERT INTO public.showtimes (id, movie_id, start_time, theater_id) VALUES (409, 482571, '01:00:00', 4);
INSERT INTO public.showtimes (id, movie_id, start_time, theater_id) VALUES (410, 133093, '22:01:00', 6);
INSERT INTO public.showtimes (id, movie_id, start_time, theater_id) VALUES (411, 111161, '22:22:00', 6);
INSERT INTO public.showtimes (id, movie_id, start_time, theater_id) VALUES (412, 76759, '05:35:00', 6);
INSERT INTO public.showtimes (id, movie_id, start_time, theater_id) VALUES (413, 118799, '04:53:00', 1);
INSERT INTO public.showtimes (id, movie_id, start_time, theater_id) VALUES (414, 120689, '15:47:00', 3);
INSERT INTO public.showtimes (id, movie_id, start_time, theater_id) VALUES (415, 80684, '21:43:00', 2);
INSERT INTO public.showtimes (id, movie_id, start_time, theater_id) VALUES (416, 245429, '22:33:00', 4);
INSERT INTO public.showtimes (id, movie_id, start_time, theater_id) VALUES (417, 110413, '15:40:00', 1);
INSERT INTO public.showtimes (id, movie_id, start_time, theater_id) VALUES (418, 68646, '12:01:00', 1);
INSERT INTO public.showtimes (id, movie_id, start_time, theater_id) VALUES (419, 110357, '09:51:00', 5);
INSERT INTO public.showtimes (id, movie_id, start_time, theater_id) VALUES (420, 47478, '01:18:00', 4);
INSERT INTO public.showtimes (id, movie_id, start_time, theater_id) VALUES (421, 253474, '18:23:00', 6);
INSERT INTO public.showtimes (id, movie_id, start_time, theater_id) VALUES (422, 108052, '12:15:00', 4);
INSERT INTO public.showtimes (id, movie_id, start_time, theater_id) VALUES (423, 114369, '18:19:00', 3);
INSERT INTO public.showtimes (id, movie_id, start_time, theater_id) VALUES (424, 114814, '05:58:00', 1);
INSERT INTO public.showtimes (id, movie_id, start_time, theater_id) VALUES (425, 109830, '05:36:00', 3);
INSERT INTO public.showtimes (id, movie_id, start_time, theater_id) VALUES (426, 95765, '16:06:00', 6);
INSERT INTO public.showtimes (id, movie_id, start_time, theater_id) VALUES (427, 120737, '12:55:00', 3);
INSERT INTO public.showtimes (id, movie_id, start_time, theater_id) VALUES (428, 71562, '11:06:00', 5);
INSERT INTO public.showtimes (id, movie_id, start_time, theater_id) VALUES (429, 2582802, '05:29:00', 3);
INSERT INTO public.showtimes (id, movie_id, start_time, theater_id) VALUES (431, 110912, '13:24:00', 4);
INSERT INTO public.showtimes (id, movie_id, start_time, theater_id) VALUES (432, 120815, '17:41:00', 6);
INSERT INTO public.showtimes (id, movie_id, start_time, theater_id) VALUES (433, 167261, '12:05:00', 4);
INSERT INTO public.showtimes (id, movie_id, start_time, theater_id) VALUES (434, 73486, '12:37:00', 1);
INSERT INTO public.showtimes (id, movie_id, start_time, theater_id) VALUES (435, 167260, '06:09:00', 5);
INSERT INTO public.showtimes (id, movie_id, start_time, theater_id) VALUES (436, 816692, '01:07:00', 2);
INSERT INTO public.showtimes (id, movie_id, start_time, theater_id) VALUES (437, 1375666, '04:08:00', 5);
INSERT INTO public.showtimes (id, movie_id, start_time, theater_id) VALUES (438, 64116, '14:57:00', 5);
INSERT INTO public.showtimes (id, movie_id, start_time, theater_id) VALUES (439, 102926, '18:23:00', 2);
INSERT INTO public.showtimes (id, movie_id, start_time, theater_id) VALUES (440, 82971, '13:43:00', 6);
INSERT INTO public.showtimes (id, movie_id, start_time, theater_id) VALUES (441, 137523, '11:51:00', 5);
INSERT INTO public.showtimes (id, movie_id, start_time, theater_id) VALUES (442, 50083, '11:41:00', 5);
INSERT INTO public.showtimes (id, movie_id, start_time, theater_id) VALUES (444, 120586, '02:28:00', 5);
INSERT INTO public.showtimes (id, movie_id, start_time, theater_id) VALUES (445, 88763, '12:04:00', 2);
INSERT INTO public.showtimes (id, movie_id, start_time, theater_id) VALUES (446, 4633694, '12:40:00', 3);
INSERT INTO public.showtimes (id, movie_id, start_time, theater_id) VALUES (447, 1675434, '02:08:00', 5);
INSERT INTO public.showtimes (id, movie_id, start_time, theater_id) VALUES (448, 209144, '03:07:00', 4);
INSERT INTO public.showtimes (id, movie_id, start_time, theater_id) VALUES (449, 78748, '13:57:00', 2);
INSERT INTO public.showtimes (id, movie_id, start_time, theater_id) VALUES (450, 54215, '02:54:00', 1);
INSERT INTO public.showtimes (id, movie_id, start_time, theater_id) VALUES (451, 468569, '11:56:00', 6);
INSERT INTO public.showtimes (id, movie_id, start_time, theater_id) VALUES (452, 317248, '05:35:00', 6);
INSERT INTO public.showtimes (id, movie_id, start_time, theater_id) VALUES (453, 172495, '11:44:00', 6);
INSERT INTO public.showtimes (id, movie_id, start_time, theater_id) VALUES (454, 99685, '20:37:00', 2);
INSERT INTO public.showtimes (id, movie_id, start_time, theater_id) VALUES (455, 38650, '08:24:00', 4);
INSERT INTO public.showtimes (id, movie_id, start_time, theater_id) VALUES (456, 95327, '11:16:00', 4);
INSERT INTO public.showtimes (id, movie_id, start_time, theater_id) VALUES (457, 103064, '19:52:00', 1);
INSERT INTO public.showtimes (id, movie_id, start_time, theater_id) VALUES (458, 78788, '22:18:00', 1);
INSERT INTO public.showtimes (id, movie_id, start_time, theater_id) VALUES (459, 34583, '03:14:00', 6);
INSERT INTO public.showtimes (id, movie_id, start_time, theater_id) VALUES (460, 73486, '12:16:00', 3);
INSERT INTO public.showtimes (id, movie_id, start_time, theater_id) VALUES (461, 99685, '17:53:00', 5);
INSERT INTO public.showtimes (id, movie_id, start_time, theater_id) VALUES (462, 50083, '12:41:00', 6);
INSERT INTO public.showtimes (id, movie_id, start_time, theater_id) VALUES (463, 137523, '16:19:00', 5);
INSERT INTO public.showtimes (id, movie_id, start_time, theater_id) VALUES (464, 95327, '04:35:00', 6);
INSERT INTO public.showtimes (id, movie_id, start_time, theater_id) VALUES (465, 80684, '20:06:00', 6);
INSERT INTO public.showtimes (id, movie_id, start_time, theater_id) VALUES (466, 4633694, '09:45:00', 1);
INSERT INTO public.showtimes (id, movie_id, start_time, theater_id) VALUES (467, 468569, '16:02:00', 4);
INSERT INTO public.showtimes (id, movie_id, start_time, theater_id) VALUES (468, 167260, '13:53:00', 6);
INSERT INTO public.showtimes (id, movie_id, start_time, theater_id) VALUES (469, 110413, '01:54:00', 5);
INSERT INTO public.showtimes (id, movie_id, start_time, theater_id) VALUES (470, 64116, '03:14:00', 3);
INSERT INTO public.showtimes (id, movie_id, start_time, theater_id) VALUES (471, 102926, '12:11:00', 6);
INSERT INTO public.showtimes (id, movie_id, start_time, theater_id) VALUES (472, 54215, '11:56:00', 2);
INSERT INTO public.showtimes (id, movie_id, start_time, theater_id) VALUES (473, 68646, '17:25:00', 1);
INSERT INTO public.showtimes (id, movie_id, start_time, theater_id) VALUES (474, 114814, '14:10:00', 5);
INSERT INTO public.showtimes (id, movie_id, start_time, theater_id) VALUES (476, 167261, '00:48:00', 4);
INSERT INTO public.showtimes (id, movie_id, start_time, theater_id) VALUES (477, 120737, '22:52:00', 2);
INSERT INTO public.showtimes (id, movie_id, start_time, theater_id) VALUES (478, 133093, '21:05:00', 5);
INSERT INTO public.showtimes (id, movie_id, start_time, theater_id) VALUES (479, 108052, '18:28:00', 2);
INSERT INTO public.showtimes (id, movie_id, start_time, theater_id) VALUES (480, 78788, '05:48:00', 3);
INSERT INTO public.showtimes (id, movie_id, start_time, theater_id) VALUES (481, 245429, '08:24:00', 1);
INSERT INTO public.showtimes (id, movie_id, start_time, theater_id) VALUES (482, 120815, '07:02:00', 4);
INSERT INTO public.showtimes (id, movie_id, start_time, theater_id) VALUES (483, 253474, '00:19:00', 4);
INSERT INTO public.showtimes (id, movie_id, start_time, theater_id) VALUES (484, 34583, '15:42:00', 6);
INSERT INTO public.showtimes (id, movie_id, start_time, theater_id) VALUES (485, 2582802, '23:05:00', 4);
INSERT INTO public.showtimes (id, movie_id, start_time, theater_id) VALUES (486, 114369, '21:12:00', 2);
INSERT INTO public.showtimes (id, movie_id, start_time, theater_id) VALUES (487, 47478, '17:02:00', 4);
INSERT INTO public.showtimes (id, movie_id, start_time, theater_id) VALUES (488, 120586, '08:31:00', 1);
INSERT INTO public.showtimes (id, movie_id, start_time, theater_id) VALUES (489, 82971, '00:56:00', 6);
INSERT INTO public.showtimes (id, movie_id, start_time, theater_id) VALUES (490, 816692, '08:27:00', 2);
INSERT INTO public.showtimes (id, movie_id, start_time, theater_id) VALUES (491, 120689, '22:30:00', 4);
INSERT INTO public.showtimes (id, movie_id, start_time, theater_id) VALUES (492, 78748, '06:59:00', 1);
INSERT INTO public.showtimes (id, movie_id, start_time, theater_id) VALUES (493, 1675434, '19:08:00', 4);
INSERT INTO public.showtimes (id, movie_id, start_time, theater_id) VALUES (494, 209144, '15:09:00', 3);
INSERT INTO public.showtimes (id, movie_id, start_time, theater_id) VALUES (495, 317248, '16:33:00', 5);
INSERT INTO public.showtimes (id, movie_id, start_time, theater_id) VALUES (496, 118799, '18:43:00', 3);
INSERT INTO public.showtimes (id, movie_id, start_time, theater_id) VALUES (497, 482571, '06:59:00', 3);
INSERT INTO public.showtimes (id, movie_id, start_time, theater_id) VALUES (498, 110357, '11:08:00', 3);
INSERT INTO public.showtimes (id, movie_id, start_time, theater_id) VALUES (499, 95765, '14:46:00', 4);
INSERT INTO public.showtimes (id, movie_id, start_time, theater_id) VALUES (500, 71562, '06:47:00', 6);
INSERT INTO public.showtimes (id, movie_id, start_time, theater_id) VALUES (501, 38650, '18:55:00', 4);
INSERT INTO public.showtimes (id, movie_id, start_time, theater_id) VALUES (502, 76759, '14:02:00', 5);
INSERT INTO public.showtimes (id, movie_id, start_time, theater_id) VALUES (503, 111161, '06:53:00', 1);
INSERT INTO public.showtimes (id, movie_id, start_time, theater_id) VALUES (504, 110912, '15:56:00', 3);
INSERT INTO public.showtimes (id, movie_id, start_time, theater_id) VALUES (505, 172495, '23:45:00', 6);
INSERT INTO public.showtimes (id, movie_id, start_time, theater_id) VALUES (506, 103064, '02:47:00', 4);
INSERT INTO public.showtimes (id, movie_id, start_time, theater_id) VALUES (507, 1375666, '16:27:00', 1);
INSERT INTO public.showtimes (id, movie_id, start_time, theater_id) VALUES (508, 109830, '05:44:00', 6);
INSERT INTO public.showtimes (id, movie_id, start_time, theater_id) VALUES (510, 88763, '07:44:00', 5);
INSERT INTO public.showtimes (id, movie_id, start_time, theater_id) VALUES (511, 482571, '07:10:00', 3);
INSERT INTO public.showtimes (id, movie_id, start_time, theater_id) VALUES (512, 133093, '12:07:00', 5);
INSERT INTO public.showtimes (id, movie_id, start_time, theater_id) VALUES (513, 111161, '10:08:00', 2);
INSERT INTO public.showtimes (id, movie_id, start_time, theater_id) VALUES (514, 76759, '21:59:00', 2);
INSERT INTO public.showtimes (id, movie_id, start_time, theater_id) VALUES (515, 118799, '22:19:00', 2);
INSERT INTO public.showtimes (id, movie_id, start_time, theater_id) VALUES (516, 120689, '22:52:00', 6);
INSERT INTO public.showtimes (id, movie_id, start_time, theater_id) VALUES (517, 80684, '12:23:00', 1);
INSERT INTO public.showtimes (id, movie_id, start_time, theater_id) VALUES (518, 245429, '01:30:00', 1);
INSERT INTO public.showtimes (id, movie_id, start_time, theater_id) VALUES (519, 110413, '21:41:00', 4);
INSERT INTO public.showtimes (id, movie_id, start_time, theater_id) VALUES (520, 68646, '11:44:00', 1);
INSERT INTO public.showtimes (id, movie_id, start_time, theater_id) VALUES (521, 110357, '00:38:00', 6);
INSERT INTO public.showtimes (id, movie_id, start_time, theater_id) VALUES (522, 47478, '18:18:00', 3);
INSERT INTO public.showtimes (id, movie_id, start_time, theater_id) VALUES (523, 253474, '00:51:00', 2);
INSERT INTO public.showtimes (id, movie_id, start_time, theater_id) VALUES (524, 108052, '17:26:00', 5);
INSERT INTO public.showtimes (id, movie_id, start_time, theater_id) VALUES (525, 114369, '22:26:00', 2);
INSERT INTO public.showtimes (id, movie_id, start_time, theater_id) VALUES (526, 114814, '23:19:00', 5);
INSERT INTO public.showtimes (id, movie_id, start_time, theater_id) VALUES (527, 109830, '02:48:00', 6);
INSERT INTO public.showtimes (id, movie_id, start_time, theater_id) VALUES (528, 95765, '20:25:00', 1);
INSERT INTO public.showtimes (id, movie_id, start_time, theater_id) VALUES (529, 120737, '01:20:00', 5);
INSERT INTO public.showtimes (id, movie_id, start_time, theater_id) VALUES (530, 71562, '22:39:00', 2);
INSERT INTO public.showtimes (id, movie_id, start_time, theater_id) VALUES (531, 2582802, '07:24:00', 6);
INSERT INTO public.showtimes (id, movie_id, start_time, theater_id) VALUES (533, 110912, '04:59:00', 3);
INSERT INTO public.showtimes (id, movie_id, start_time, theater_id) VALUES (534, 120815, '19:51:00', 6);
INSERT INTO public.showtimes (id, movie_id, start_time, theater_id) VALUES (535, 167261, '05:40:00', 4);
INSERT INTO public.showtimes (id, movie_id, start_time, theater_id) VALUES (536, 73486, '18:27:00', 2);
INSERT INTO public.showtimes (id, movie_id, start_time, theater_id) VALUES (537, 167260, '00:24:00', 5);
INSERT INTO public.showtimes (id, movie_id, start_time, theater_id) VALUES (538, 816692, '18:41:00', 2);
INSERT INTO public.showtimes (id, movie_id, start_time, theater_id) VALUES (539, 1375666, '21:16:00', 3);
INSERT INTO public.showtimes (id, movie_id, start_time, theater_id) VALUES (540, 64116, '20:55:00', 1);
INSERT INTO public.showtimes (id, movie_id, start_time, theater_id) VALUES (541, 102926, '09:13:00', 1);
INSERT INTO public.showtimes (id, movie_id, start_time, theater_id) VALUES (542, 82971, '01:26:00', 4);
INSERT INTO public.showtimes (id, movie_id, start_time, theater_id) VALUES (543, 137523, '00:55:00', 6);
INSERT INTO public.showtimes (id, movie_id, start_time, theater_id) VALUES (544, 50083, '19:12:00', 4);
INSERT INTO public.showtimes (id, movie_id, start_time, theater_id) VALUES (546, 120586, '14:45:00', 3);
INSERT INTO public.showtimes (id, movie_id, start_time, theater_id) VALUES (547, 88763, '07:31:00', 5);
INSERT INTO public.showtimes (id, movie_id, start_time, theater_id) VALUES (548, 4633694, '18:57:00', 3);
INSERT INTO public.showtimes (id, movie_id, start_time, theater_id) VALUES (549, 1675434, '16:57:00', 1);
INSERT INTO public.showtimes (id, movie_id, start_time, theater_id) VALUES (550, 209144, '11:54:00', 4);
INSERT INTO public.showtimes (id, movie_id, start_time, theater_id) VALUES (551, 78748, '02:05:00', 2);
INSERT INTO public.showtimes (id, movie_id, start_time, theater_id) VALUES (552, 54215, '03:09:00', 2);
INSERT INTO public.showtimes (id, movie_id, start_time, theater_id) VALUES (553, 468569, '11:48:00', 1);
INSERT INTO public.showtimes (id, movie_id, start_time, theater_id) VALUES (554, 317248, '07:07:00', 5);
INSERT INTO public.showtimes (id, movie_id, start_time, theater_id) VALUES (555, 172495, '17:56:00', 5);
INSERT INTO public.showtimes (id, movie_id, start_time, theater_id) VALUES (556, 99685, '06:43:00', 5);
INSERT INTO public.showtimes (id, movie_id, start_time, theater_id) VALUES (557, 38650, '21:59:00', 4);
INSERT INTO public.showtimes (id, movie_id, start_time, theater_id) VALUES (558, 95327, '08:44:00', 5);
INSERT INTO public.showtimes (id, movie_id, start_time, theater_id) VALUES (559, 103064, '10:52:00', 5);
INSERT INTO public.showtimes (id, movie_id, start_time, theater_id) VALUES (560, 78788, '22:47:00', 6);
INSERT INTO public.showtimes (id, movie_id, start_time, theater_id) VALUES (561, 34583, '08:34:00', 6);
INSERT INTO public.showtimes (id, movie_id, start_time, theater_id) VALUES (562, 73486, '00:42:00', 3);
INSERT INTO public.showtimes (id, movie_id, start_time, theater_id) VALUES (563, 99685, '01:31:00', 6);
INSERT INTO public.showtimes (id, movie_id, start_time, theater_id) VALUES (564, 50083, '02:33:00', 4);
INSERT INTO public.showtimes (id, movie_id, start_time, theater_id) VALUES (565, 137523, '09:17:00', 1);
INSERT INTO public.showtimes (id, movie_id, start_time, theater_id) VALUES (566, 95327, '02:58:00', 2);
INSERT INTO public.showtimes (id, movie_id, start_time, theater_id) VALUES (567, 80684, '08:13:00', 6);
INSERT INTO public.showtimes (id, movie_id, start_time, theater_id) VALUES (568, 4633694, '22:15:00', 1);
INSERT INTO public.showtimes (id, movie_id, start_time, theater_id) VALUES (569, 468569, '08:04:00', 2);
INSERT INTO public.showtimes (id, movie_id, start_time, theater_id) VALUES (570, 167260, '03:47:00', 2);
INSERT INTO public.showtimes (id, movie_id, start_time, theater_id) VALUES (571, 110413, '01:12:00', 6);
INSERT INTO public.showtimes (id, movie_id, start_time, theater_id) VALUES (572, 64116, '01:30:00', 5);
INSERT INTO public.showtimes (id, movie_id, start_time, theater_id) VALUES (573, 102926, '16:04:00', 2);
INSERT INTO public.showtimes (id, movie_id, start_time, theater_id) VALUES (574, 54215, '11:46:00', 5);
INSERT INTO public.showtimes (id, movie_id, start_time, theater_id) VALUES (575, 68646, '00:47:00', 2);
INSERT INTO public.showtimes (id, movie_id, start_time, theater_id) VALUES (576, 114814, '17:02:00', 2);
INSERT INTO public.showtimes (id, movie_id, start_time, theater_id) VALUES (578, 167261, '18:36:00', 2);
INSERT INTO public.showtimes (id, movie_id, start_time, theater_id) VALUES (579, 120737, '03:23:00', 5);
INSERT INTO public.showtimes (id, movie_id, start_time, theater_id) VALUES (580, 133093, '17:48:00', 1);
INSERT INTO public.showtimes (id, movie_id, start_time, theater_id) VALUES (581, 108052, '15:52:00', 4);
INSERT INTO public.showtimes (id, movie_id, start_time, theater_id) VALUES (582, 78788, '08:53:00', 4);
INSERT INTO public.showtimes (id, movie_id, start_time, theater_id) VALUES (583, 245429, '16:53:00', 2);
INSERT INTO public.showtimes (id, movie_id, start_time, theater_id) VALUES (584, 120815, '15:53:00', 5);
INSERT INTO public.showtimes (id, movie_id, start_time, theater_id) VALUES (585, 253474, '12:04:00', 5);
INSERT INTO public.showtimes (id, movie_id, start_time, theater_id) VALUES (586, 34583, '21:07:00', 3);
INSERT INTO public.showtimes (id, movie_id, start_time, theater_id) VALUES (587, 2582802, '01:16:00', 5);
INSERT INTO public.showtimes (id, movie_id, start_time, theater_id) VALUES (588, 114369, '14:30:00', 5);
INSERT INTO public.showtimes (id, movie_id, start_time, theater_id) VALUES (589, 47478, '04:52:00', 5);
INSERT INTO public.showtimes (id, movie_id, start_time, theater_id) VALUES (590, 120586, '21:54:00', 5);
INSERT INTO public.showtimes (id, movie_id, start_time, theater_id) VALUES (591, 82971, '08:57:00', 3);
INSERT INTO public.showtimes (id, movie_id, start_time, theater_id) VALUES (592, 816692, '11:57:00', 4);
INSERT INTO public.showtimes (id, movie_id, start_time, theater_id) VALUES (593, 120689, '15:12:00', 4);
INSERT INTO public.showtimes (id, movie_id, start_time, theater_id) VALUES (594, 78748, '04:09:00', 3);
INSERT INTO public.showtimes (id, movie_id, start_time, theater_id) VALUES (595, 1675434, '03:58:00', 1);
INSERT INTO public.showtimes (id, movie_id, start_time, theater_id) VALUES (596, 209144, '01:56:00', 5);
INSERT INTO public.showtimes (id, movie_id, start_time, theater_id) VALUES (597, 317248, '15:24:00', 2);
INSERT INTO public.showtimes (id, movie_id, start_time, theater_id) VALUES (598, 118799, '18:02:00', 1);
INSERT INTO public.showtimes (id, movie_id, start_time, theater_id) VALUES (599, 482571, '20:55:00', 6);
INSERT INTO public.showtimes (id, movie_id, start_time, theater_id) VALUES (600, 110357, '20:35:00', 4);
INSERT INTO public.showtimes (id, movie_id, start_time, theater_id) VALUES (601, 95765, '16:04:00', 5);
INSERT INTO public.showtimes (id, movie_id, start_time, theater_id) VALUES (602, 71562, '08:58:00', 6);
INSERT INTO public.showtimes (id, movie_id, start_time, theater_id) VALUES (603, 38650, '09:04:00', 4);
INSERT INTO public.showtimes (id, movie_id, start_time, theater_id) VALUES (604, 76759, '23:49:00', 3);
INSERT INTO public.showtimes (id, movie_id, start_time, theater_id) VALUES (605, 111161, '01:28:00', 6);
INSERT INTO public.showtimes (id, movie_id, start_time, theater_id) VALUES (606, 110912, '07:24:00', 6);
INSERT INTO public.showtimes (id, movie_id, start_time, theater_id) VALUES (607, 172495, '06:56:00', 4);
INSERT INTO public.showtimes (id, movie_id, start_time, theater_id) VALUES (608, 103064, '02:31:00', 4);
INSERT INTO public.showtimes (id, movie_id, start_time, theater_id) VALUES (609, 1375666, '16:32:00', 5);
INSERT INTO public.showtimes (id, movie_id, start_time, theater_id) VALUES (610, 109830, '16:55:00', 2);
INSERT INTO public.showtimes (id, movie_id, start_time, theater_id) VALUES (612, 88763, '17:35:00', 3);
INSERT INTO public.showtimes (id, movie_id, start_time, theater_id) VALUES (613, 482571, '17:21:00', 3);
INSERT INTO public.showtimes (id, movie_id, start_time, theater_id) VALUES (614, 133093, '01:06:00', 5);
INSERT INTO public.showtimes (id, movie_id, start_time, theater_id) VALUES (615, 111161, '14:19:00', 1);
INSERT INTO public.showtimes (id, movie_id, start_time, theater_id) VALUES (616, 76759, '21:07:00', 1);
INSERT INTO public.showtimes (id, movie_id, start_time, theater_id) VALUES (617, 118799, '01:25:00', 3);
INSERT INTO public.showtimes (id, movie_id, start_time, theater_id) VALUES (618, 120689, '17:23:00', 5);
INSERT INTO public.showtimes (id, movie_id, start_time, theater_id) VALUES (619, 80684, '06:15:00', 1);
INSERT INTO public.showtimes (id, movie_id, start_time, theater_id) VALUES (620, 245429, '02:51:00', 6);
INSERT INTO public.showtimes (id, movie_id, start_time, theater_id) VALUES (621, 110413, '02:10:00', 2);
INSERT INTO public.showtimes (id, movie_id, start_time, theater_id) VALUES (622, 68646, '01:08:00', 3);
INSERT INTO public.showtimes (id, movie_id, start_time, theater_id) VALUES (623, 110357, '15:31:00', 2);
INSERT INTO public.showtimes (id, movie_id, start_time, theater_id) VALUES (624, 47478, '15:07:00', 4);
INSERT INTO public.showtimes (id, movie_id, start_time, theater_id) VALUES (625, 253474, '18:21:00', 1);
INSERT INTO public.showtimes (id, movie_id, start_time, theater_id) VALUES (626, 108052, '19:45:00', 1);
INSERT INTO public.showtimes (id, movie_id, start_time, theater_id) VALUES (627, 114369, '18:46:00', 5);
INSERT INTO public.showtimes (id, movie_id, start_time, theater_id) VALUES (628, 114814, '04:20:00', 1);
INSERT INTO public.showtimes (id, movie_id, start_time, theater_id) VALUES (629, 109830, '00:34:00', 4);
INSERT INTO public.showtimes (id, movie_id, start_time, theater_id) VALUES (630, 95765, '22:25:00', 3);
INSERT INTO public.showtimes (id, movie_id, start_time, theater_id) VALUES (631, 120737, '04:17:00', 5);
INSERT INTO public.showtimes (id, movie_id, start_time, theater_id) VALUES (632, 71562, '04:27:00', 4);
INSERT INTO public.showtimes (id, movie_id, start_time, theater_id) VALUES (633, 2582802, '11:05:00', 4);
INSERT INTO public.showtimes (id, movie_id, start_time, theater_id) VALUES (635, 110912, '17:23:00', 2);
INSERT INTO public.showtimes (id, movie_id, start_time, theater_id) VALUES (636, 120815, '19:51:00', 6);
INSERT INTO public.showtimes (id, movie_id, start_time, theater_id) VALUES (637, 167261, '21:17:00', 1);
INSERT INTO public.showtimes (id, movie_id, start_time, theater_id) VALUES (638, 73486, '00:31:00', 2);
INSERT INTO public.showtimes (id, movie_id, start_time, theater_id) VALUES (639, 167260, '18:04:00', 3);
INSERT INTO public.showtimes (id, movie_id, start_time, theater_id) VALUES (640, 816692, '08:06:00', 2);
INSERT INTO public.showtimes (id, movie_id, start_time, theater_id) VALUES (641, 1375666, '14:20:00', 1);
INSERT INTO public.showtimes (id, movie_id, start_time, theater_id) VALUES (642, 64116, '22:44:00', 6);
INSERT INTO public.showtimes (id, movie_id, start_time, theater_id) VALUES (643, 102926, '14:31:00', 3);
INSERT INTO public.showtimes (id, movie_id, start_time, theater_id) VALUES (644, 82971, '15:19:00', 5);
INSERT INTO public.showtimes (id, movie_id, start_time, theater_id) VALUES (645, 137523, '02:23:00', 6);
INSERT INTO public.showtimes (id, movie_id, start_time, theater_id) VALUES (646, 50083, '08:29:00', 2);
INSERT INTO public.showtimes (id, movie_id, start_time, theater_id) VALUES (648, 120586, '18:21:00', 3);
INSERT INTO public.showtimes (id, movie_id, start_time, theater_id) VALUES (649, 88763, '07:35:00', 3);
INSERT INTO public.showtimes (id, movie_id, start_time, theater_id) VALUES (650, 4633694, '06:27:00', 6);
INSERT INTO public.showtimes (id, movie_id, start_time, theater_id) VALUES (651, 1675434, '20:55:00', 1);
INSERT INTO public.showtimes (id, movie_id, start_time, theater_id) VALUES (652, 209144, '03:24:00', 5);
INSERT INTO public.showtimes (id, movie_id, start_time, theater_id) VALUES (653, 78748, '13:35:00', 4);
INSERT INTO public.showtimes (id, movie_id, start_time, theater_id) VALUES (654, 54215, '10:23:00', 2);
INSERT INTO public.showtimes (id, movie_id, start_time, theater_id) VALUES (655, 468569, '02:56:00', 6);
INSERT INTO public.showtimes (id, movie_id, start_time, theater_id) VALUES (656, 317248, '13:05:00', 4);
INSERT INTO public.showtimes (id, movie_id, start_time, theater_id) VALUES (657, 172495, '11:06:00', 3);
INSERT INTO public.showtimes (id, movie_id, start_time, theater_id) VALUES (658, 99685, '01:06:00', 1);
INSERT INTO public.showtimes (id, movie_id, start_time, theater_id) VALUES (659, 38650, '08:55:00', 1);
INSERT INTO public.showtimes (id, movie_id, start_time, theater_id) VALUES (660, 95327, '13:45:00', 1);
INSERT INTO public.showtimes (id, movie_id, start_time, theater_id) VALUES (661, 103064, '23:08:00', 6);
INSERT INTO public.showtimes (id, movie_id, start_time, theater_id) VALUES (662, 78788, '06:10:00', 5);
INSERT INTO public.showtimes (id, movie_id, start_time, theater_id) VALUES (663, 34583, '20:38:00', 4);
INSERT INTO public.showtimes (id, movie_id, start_time, theater_id) VALUES (664, 73486, '10:53:00', 6);
INSERT INTO public.showtimes (id, movie_id, start_time, theater_id) VALUES (665, 99685, '22:59:00', 2);
INSERT INTO public.showtimes (id, movie_id, start_time, theater_id) VALUES (666, 50083, '19:02:00', 1);
INSERT INTO public.showtimes (id, movie_id, start_time, theater_id) VALUES (667, 137523, '05:15:00', 1);
INSERT INTO public.showtimes (id, movie_id, start_time, theater_id) VALUES (668, 95327, '23:43:00', 6);
INSERT INTO public.showtimes (id, movie_id, start_time, theater_id) VALUES (669, 80684, '13:39:00', 2);
INSERT INTO public.showtimes (id, movie_id, start_time, theater_id) VALUES (670, 4633694, '02:03:00', 2);
INSERT INTO public.showtimes (id, movie_id, start_time, theater_id) VALUES (671, 468569, '06:18:00', 6);
INSERT INTO public.showtimes (id, movie_id, start_time, theater_id) VALUES (672, 167260, '10:17:00', 3);
INSERT INTO public.showtimes (id, movie_id, start_time, theater_id) VALUES (673, 110413, '20:12:00', 3);
INSERT INTO public.showtimes (id, movie_id, start_time, theater_id) VALUES (674, 64116, '03:59:00', 3);
INSERT INTO public.showtimes (id, movie_id, start_time, theater_id) VALUES (675, 102926, '22:35:00', 4);
INSERT INTO public.showtimes (id, movie_id, start_time, theater_id) VALUES (676, 54215, '13:14:00', 3);
INSERT INTO public.showtimes (id, movie_id, start_time, theater_id) VALUES (677, 68646, '12:45:00', 2);
INSERT INTO public.showtimes (id, movie_id, start_time, theater_id) VALUES (678, 114814, '02:17:00', 5);
INSERT INTO public.showtimes (id, movie_id, start_time, theater_id) VALUES (680, 167261, '04:25:00', 5);
INSERT INTO public.showtimes (id, movie_id, start_time, theater_id) VALUES (681, 120737, '10:43:00', 4);
INSERT INTO public.showtimes (id, movie_id, start_time, theater_id) VALUES (682, 133093, '11:23:00', 5);
INSERT INTO public.showtimes (id, movie_id, start_time, theater_id) VALUES (683, 108052, '09:25:00', 1);
INSERT INTO public.showtimes (id, movie_id, start_time, theater_id) VALUES (684, 78788, '18:10:00', 1);
INSERT INTO public.showtimes (id, movie_id, start_time, theater_id) VALUES (685, 245429, '13:11:00', 3);
INSERT INTO public.showtimes (id, movie_id, start_time, theater_id) VALUES (686, 120815, '23:48:00', 4);
INSERT INTO public.showtimes (id, movie_id, start_time, theater_id) VALUES (687, 253474, '07:44:00', 1);
INSERT INTO public.showtimes (id, movie_id, start_time, theater_id) VALUES (688, 34583, '19:54:00', 3);
INSERT INTO public.showtimes (id, movie_id, start_time, theater_id) VALUES (689, 2582802, '13:22:00', 6);
INSERT INTO public.showtimes (id, movie_id, start_time, theater_id) VALUES (690, 114369, '17:06:00', 3);
INSERT INTO public.showtimes (id, movie_id, start_time, theater_id) VALUES (691, 47478, '17:56:00', 4);
INSERT INTO public.showtimes (id, movie_id, start_time, theater_id) VALUES (692, 120586, '10:12:00', 3);
INSERT INTO public.showtimes (id, movie_id, start_time, theater_id) VALUES (693, 82971, '22:14:00', 1);
INSERT INTO public.showtimes (id, movie_id, start_time, theater_id) VALUES (694, 816692, '14:39:00', 2);
INSERT INTO public.showtimes (id, movie_id, start_time, theater_id) VALUES (695, 120689, '19:41:00', 6);
INSERT INTO public.showtimes (id, movie_id, start_time, theater_id) VALUES (696, 78748, '07:02:00', 3);
INSERT INTO public.showtimes (id, movie_id, start_time, theater_id) VALUES (697, 1675434, '18:16:00', 1);
INSERT INTO public.showtimes (id, movie_id, start_time, theater_id) VALUES (698, 209144, '09:43:00', 5);
INSERT INTO public.showtimes (id, movie_id, start_time, theater_id) VALUES (699, 317248, '13:32:00', 3);
INSERT INTO public.showtimes (id, movie_id, start_time, theater_id) VALUES (700, 118799, '12:23:00', 3);